Channel URL,Video URL
https://www.youtube.com/@wildlifefilmcentral,https://www.youtube.com/watch?v=411yt91ERbE
https://www.youtube.com/@wildlifefilmcentral,https://www.youtube.com/watch?v=FK6isfjQOMk
https://www.youtube.com/@wildlifefilmcentral,https://www.youtube.com/watch?v=AcGGZyv6Q7I
https://www.youtube.com/@wildlifefilmcentral,https://www.youtube.com/watch?v=3E32rFqiCXA
https://www.youtube.com/@wildlifefilmcentral,https://www.youtube.com/watch?v=sJ44vt5bra0
https://www.youtube.com/@wildlifefilmcentral,https://www.youtube.com/watch?v=P5dx_nd5khM
https://www.youtube.com/@wildlifefilmcentral,https://www.youtube.com/watch?v=MDPga0bmJVw
https://www.youtube.com/@wildlifefilmcentral,https://www.youtube.com/watch?v=rp71uKU4mOg
https://www.youtube.com/@wildlifefilmcentral,https://www.youtube.com/watch?v=EgTqqQMA2zU
https://www.youtube.com/@wildlifefilmcentral,https://www.youtube.com/watch?v=QAWXTiy_Ff8
https://www.youtube.com/@wildlifefilmcentral,https://www.youtube.com/watch?v=mTJNW_WN5_Y
https://www.youtube.com/@wildlifefilmcentral,https://www.youtube.com/watch?v=QP0hPZBBL5Y
https://www.youtube.com/@wildlifefilmcentral,https://www.youtube.com/watch?v=H5wQfYsOBt4
https://www.youtube.com/@wildlifefilmcentral,https://www.youtube.com/watch?v=ppCpnp1bv7A
https://www.youtube.com/@wildlifefilmcentral,https://www.youtube.com/watch?v=-XJnrTbgyJQ
https://www.youtube.com/@wildlifefilmcentral,https://www.youtube.com/watch?v=mIbUp0Uoi9Y
https://www.youtube.com/@wildlifefilmcentral,https://www.youtube.com/watch?v=a08JblgPO_U
https://www.youtube.com/@wildlifefilmcentral,https://www.youtube.com/watch?v=RkXe9zK6zMA
https://www.youtube.com/@wildlifefilmcentral,https://www.youtube.com/watch?v=-m7RdEIfFBA
https://www.youtube.com/@wildlifefilmcentral,https://www.youtube.com/watch?v=bVYq9ERMWBw
https://www.youtube.com/@wildlifefilmcentral,https://www.youtube.com/watch?v=3DGxmcoLGnc
https://www.youtube.com/@wildlifefilmcentral,https://www.youtube.com/watch?v=u5b0IitNEWI
https://www.youtube.com/@wildlifefilmcentral,https://www.youtube.com/watch?v=bZFE9EKMR2w
https://www.youtube.com/@wildlifefilmcentral,https://www.youtube.com/watch?v=-NVC5G2Vv3c
https://www.youtube.com/@wildlifefilmcentral,https://www.youtube.com/watch?v=h6EWO9vdG5g
https://www.youtube.com/@wildlifefilmcentral,https://www.youtube.com/watch?v=04bUzSXTgjc
https://www.youtube.com/@wildlifefilmcentral,https://www.youtube.com/watch?v=RhHBCUAnXwQ
https://www.youtube.com/@wildlifefilmcentral,https://www.youtube.com/watch?v=uq4q_9sVneU
https://www.youtube.com/@wildlifefilmcentral,https://www.youtube.com/watch?v=jxVEuNfDlpk
https://www.youtube.com/@wildlifefilmcentral,https://www.youtube.com/watch?v=SpeXghix8wY
https://www.youtube.com/@wildlifefilmcentral,https://www.youtube.com/watch?v=zUDTCeL4ceg
https://www.youtube.com/@wildlifefilmcentral,https://www.youtube.com/watch?v=1A1WBWQntjs
https://www.youtube.com/@wildlifefilmcentral,https://www.youtube.com/watch?v=iyEnAIJ-Y6M
https://www.youtube.com/@wildlifefilmcentral,https://www.youtube.com/watch?v=mFQJ1uefRwQ
https://www.youtube.com/@wildlifefilmcentral,https://www.youtube.com/watch?v=jFeOwLB5qrE
https://www.youtube.com/@wildlifefilmcentral,https://www.youtube.com/watch?v=aC7x6r77jGQ
https://www.youtube.com/@wildlifefilmcentral,https://www.youtube.com/watch?v=vN4HZF2bhqs
https://www.youtube.com/@wildlifefilmcentral,https://www.youtube.com/watch?v=shnAnqmUAzw
https://www.youtube.com/@wildlifefilmcentral,https://www.youtube.com/watch?v=-FENO8HL-rU
https://www.youtube.com/@wildlifefilmcentral,https://www.youtube.com/watch?v=2J95T_GJ08U
https://www.youtube.com/@travpedia,https://www.youtube.com/watch?v=gJntKcGKsB4
https://www.youtube.com/@travpedia,https://www.youtube.com/watch?v=4uaFWeB_2IY
https://www.youtube.com/@travpedia,https://www.youtube.com/watch?v=6udyYS9jz9o
https://www.youtube.com/@travpedia,https://www.youtube.com/watch?v=5kTKjU55sn4
https://www.youtube.com/@travpedia,https://www.youtube.com/watch?v=qo3aX_xpDGA
https://www.youtube.com/@travpedia,https://www.youtube.com/watch?v=oa7vCpozHWg
https://www.youtube.com/@travpedia,https://www.youtube.com/watch?v=vbX9pyaljPk
https://www.youtube.com/@travpedia,https://www.youtube.com/watch?v=zwTXRbVKBhA
https://www.youtube.com/@travpedia,https://www.youtube.com/watch?v=-x0N2rfhUn4
https://www.youtube.com/@travpedia,https://www.youtube.com/watch?v=iTzJGgC-wiU
https://www.youtube.com/@travpedia,https://www.youtube.com/watch?v=estlgnubs6I
https://www.youtube.com/@travpedia,https://www.youtube.com/watch?v=8XmZPvnFZHQ
https://www.youtube.com/@travpedia,https://www.youtube.com/watch?v=aIkLH3FqgA4
https://www.youtube.com/@travpedia,https://www.youtube.com/watch?v=iWsIHdKHY5o
https://www.youtube.com/@travpedia,https://www.youtube.com/watch?v=zSKSMSqpnRM
https://www.youtube.com/@travpedia,https://www.youtube.com/watch?v=TMu35hSF3gk
https://www.youtube.com/@travpedia,https://www.youtube.com/watch?v=23AoSTzPZWo
https://www.youtube.com/@travpedia,https://www.youtube.com/watch?v=Z_n7kBdYIDc
https://www.youtube.com/@travpedia,https://www.youtube.com/watch?v=R4zVh771wws
https://www.youtube.com/@travpedia,https://www.youtube.com/watch?v=Wu1eiXGap0c
https://www.youtube.com/@travpedia,https://www.youtube.com/watch?v=HIN7Se7iWBU
https://www.youtube.com/@travpedia,https://www.youtube.com/watch?v=FHVdIUmLcKI
https://www.youtube.com/@travpedia,https://www.youtube.com/watch?v=T8ZavjvuwyY
https://www.youtube.com/@travpedia,https://www.youtube.com/watch?v=Guk4xJoOsPo
https://www.youtube.com/@travpedia,https://www.youtube.com/watch?v=HpJvD0z8A4E
https://www.youtube.com/@travpedia,https://www.youtube.com/watch?v=COqQWKjxTvM
https://www.youtube.com/@travpedia,https://www.youtube.com/watch?v=J3UJcZSS_t8
https://www.youtube.com/@travpedia,https://www.youtube.com/watch?v=9mX6GHn-m4s
https://www.youtube.com/@travpedia,https://www.youtube.com/watch?v=lcQW2MUkf58
https://www.youtube.com/@travpedia,https://www.youtube.com/watch?v=3Z_otSfA-wo
https://www.youtube.com/@travpedia,https://www.youtube.com/watch?v=LVxDUmj_wSw
https://www.youtube.com/@travpedia,https://www.youtube.com/watch?v=fvZogGYbNXI
https://www.youtube.com/@travpedia,https://www.youtube.com/watch?v=aCgDAXiEK4Y
https://www.youtube.com/@travpedia,https://www.youtube.com/watch?v=2BI7MU-BqEA
https://www.youtube.com/@travpedia,https://www.youtube.com/watch?v=O2Acoq4g2Eg
https://www.youtube.com/@travpedia,https://www.youtube.com/watch?v=Cyg3qY1d8AQ
https://www.youtube.com/@travpedia,https://www.youtube.com/watch?v=Ihiy9A__QM8
https://www.youtube.com/@travpedia,https://www.youtube.com/watch?v=vVTe2R87kkg
https://www.youtube.com/@travpedia,https://www.youtube.com/watch?v=8jtgEkRG3Ww
https://www.youtube.com/@travpedia,https://www.youtube.com/watch?v=SKbg2wW64qI
https://www.youtube.com/@travpedia,https://www.youtube.com/watch?v=BeGT67cnYUI
https://www.youtube.com/@travpedia,https://www.youtube.com/watch?v=gfZPxmY_OkA
https://www.youtube.com/@travpedia,https://www.youtube.com/watch?v=-137NTKQicY
https://www.youtube.com/@travpedia,https://www.youtube.com/watch?v=5RtnlFPZrvY
https://www.youtube.com/@travpedia,https://www.youtube.com/watch?v=BjLp76x5bC4
https://www.youtube.com/@travpedia,https://www.youtube.com/watch?v=mSxLP2-Gq4g
https://www.youtube.com/@travpedia,https://www.youtube.com/watch?v=m5NBt3_xcQU
https://www.youtube.com/@travpedia,https://www.youtube.com/watch?v=HXhrJ-GWCHE
https://www.youtube.com/@BrunoSaraviaPhotography,https://www.youtube.com/watch?v=8UD6pNkvgt4
https://www.youtube.com/@BrunoSaraviaPhotography,https://www.youtube.com/watch?v=oBu1HrYtTfE
https://www.youtube.com/@BrunoSaraviaPhotography,https://www.youtube.com/watch?v=RDoVlHFsnwI
https://www.youtube.com/@BrunoSaraviaPhotography,https://www.youtube.com/watch?v=mEFtUglyEiY
https://www.youtube.com/@BrunoSaraviaPhotography,https://www.youtube.com/watch?v=Fz8VQipErGQ
https://www.youtube.com/@BrunoSaraviaPhotography,https://www.youtube.com/watch?v=W26h0ADZLIM
https://www.youtube.com/@BrunoSaraviaPhotography,https://www.youtube.com/watch?v=Nn_Vhr0wluA
https://www.youtube.com/@BrunoSaraviaPhotography,https://www.youtube.com/watch?v=dBiLeNtG_u4
https://www.youtube.com/@BrunoSaraviaPhotography,https://www.youtube.com/watch?v=HSGe9uKYt7Y
https://www.youtube.com/@BrunoSaraviaPhotography,https://www.youtube.com/watch?v=hqSa-0RKobo
https://www.youtube.com/@BrunoSaraviaPhotography,https://www.youtube.com/watch?v=smoU272Dv14
https://www.youtube.com/@BrunoSaraviaPhotography,https://www.youtube.com/watch?v=sQ3IhsRtmJU
https://www.youtube.com/@BrunoSaraviaPhotography,https://www.youtube.com/watch?v=CNNKil8v6kA
https://www.youtube.com/@BrunoSaraviaPhotography,https://www.youtube.com/watch?v=3l9N7pgGEAo
https://www.youtube.com/@BrunoSaraviaPhotography,https://www.youtube.com/watch?v=-xsYcDm6hag
https://www.youtube.com/@BrunoSaraviaPhotography,https://www.youtube.com/watch?v=egt_aib9cKM
https://www.youtube.com/@BrunoSaraviaPhotography,https://www.youtube.com/watch?v=0Ec9mTNw3Kg
https://www.youtube.com/@BrunoSaraviaPhotography,https://www.youtube.com/watch?v=qYVgF5RHkFA
https://www.youtube.com/@BrunoSaraviaPhotography,https://www.youtube.com/watch?v=2gd7JSWJXRA
https://www.youtube.com/@BrunoSaraviaPhotography,https://www.youtube.com/watch?v=D37fiEp1wGI
https://www.youtube.com/@BrunoSaraviaPhotography,https://www.youtube.com/watch?v=Vf2yLVA2Ml4
https://www.youtube.com/@BrunoSaraviaPhotography,https://www.youtube.com/watch?v=zbfVmgp3Ep0
https://www.youtube.com/@BrunoSaraviaPhotography,https://www.youtube.com/watch?v=lou01NEhK3s
https://www.youtube.com/@BrunoSaraviaPhotography,https://www.youtube.com/watch?v=gCTxAXwJXGI
https://www.youtube.com/@BrunoSaraviaPhotography,https://www.youtube.com/watch?v=SKJOGC2Wypk
https://www.youtube.com/@BrunoSaraviaPhotography,https://www.youtube.com/watch?v=ZaJZmFkPGdo
https://www.youtube.com/@BrunoSaraviaPhotography,https://www.youtube.com/watch?v=2clXsa19ASs
https://www.youtube.com/@BrunoSaraviaPhotography,https://www.youtube.com/watch?v=Jfe6KYj5s9s
https://www.youtube.com/@BrunoSaraviaPhotography,https://www.youtube.com/watch?v=l8Yd3laoxZ8
https://www.youtube.com/@BrunoSaraviaPhotography,https://www.youtube.com/watch?v=uJHOXsE8iuc
https://www.youtube.com/@BrunoSaraviaPhotography,https://www.youtube.com/watch?v=X69yHbtXncQ
https://www.youtube.com/@BrunoSaraviaPhotography,https://www.youtube.com/watch?v=W_toW6u3xs4
https://www.youtube.com/@BrunoSaraviaPhotography,https://www.youtube.com/watch?v=JNisNXAWTog
https://www.youtube.com/@BrunoSaraviaPhotography,https://www.youtube.com/watch?v=-nS79EBBch4
https://www.youtube.com/@BrunoSaraviaPhotography,https://www.youtube.com/watch?v=GrE6dIDUuk0
https://www.youtube.com/@BrunoSaraviaPhotography,https://www.youtube.com/watch?v=HNEr9brWOCY
https://www.youtube.com/@BrunoSaraviaPhotography,https://www.youtube.com/watch?v=mqdM4GC_fyE
https://www.youtube.com/@BrunoSaraviaPhotography,https://www.youtube.com/watch?v=vLjyvvSp8xM
https://www.youtube.com/@BrunoSaraviaPhotography,https://www.youtube.com/watch?v=GE0yBa3Xy0I
https://www.youtube.com/@BrunoSaraviaPhotography,https://www.youtube.com/watch?v=UvY-u0Y2EPA
https://www.youtube.com/@BrunoSaraviaPhotography,https://www.youtube.com/watch?v=TezhzXAq4nk
https://www.youtube.com/@BrunoSaraviaPhotography,https://www.youtube.com/watch?v=J3iwAOFYMCA
https://www.youtube.com/@BrunoSaraviaPhotography,https://www.youtube.com/watch?v=HmqUP__VuJg
https://www.youtube.com/@BrunoSaraviaPhotography,https://www.youtube.com/watch?v=SPC96kDXxBo
https://www.youtube.com/@BrunoSaraviaPhotography,https://www.youtube.com/watch?v=iRbRuf6kR4g
https://www.youtube.com/@BrunoSaraviaPhotography,https://www.youtube.com/watch?v=Th2TNyPzudo
https://www.youtube.com/@BrunoSaraviaPhotography,https://www.youtube.com/watch?v=tZvDIrUR-Vg
https://www.youtube.com/@BrunoSaraviaPhotography,https://www.youtube.com/watch?v=_ZJpuh0y7mo
https://www.youtube.com/@BrunoSaraviaPhotography,https://www.youtube.com/watch?v=5USuekk16e0
https://www.youtube.com/@BrunoSaraviaPhotography,https://www.youtube.com/watch?v=ZoTd6lQgdbA
https://www.youtube.com/@BrunoSaraviaPhotography,https://www.youtube.com/watch?v=dK5TohZaWaI
https://www.youtube.com/@BrunoSaraviaPhotography,https://www.youtube.com/watch?v=xsfZ5WamKfM
https://www.youtube.com/@BrunoSaraviaPhotography,https://www.youtube.com/watch?v=Oe_uHAOsaeU
https://www.youtube.com/@BrunoSaraviaPhotography,https://www.youtube.com/watch?v=X2yeN0uz67k
https://www.youtube.com/@BrunoSaraviaPhotography,https://www.youtube.com/watch?v=xcv85g8Rwiw
https://www.youtube.com/@BrunoSaraviaPhotography,https://www.youtube.com/watch?v=LwjCrKVGDII
https://www.youtube.com/@BrunoSaraviaPhotography,https://www.youtube.com/watch?v=OULnIR-vlCk
https://www.youtube.com/@BrunoSaraviaPhotography,https://www.youtube.com/watch?v=VOLlDS1Q9yc
https://www.youtube.com/@BrunoSaraviaPhotography,https://www.youtube.com/watch?v=b_EklO9k0hs
https://www.youtube.com/@BrunoSaraviaPhotography,https://www.youtube.com/watch?v=te17kB8RlS8
https://www.youtube.com/@BrunoSaraviaPhotography,https://www.youtube.com/watch?v=9NhePoseC2w
https://www.youtube.com/@BrunoSaraviaPhotography,https://www.youtube.com/watch?v=90Sx-NAwtjk
https://www.youtube.com/@BrunoSaraviaPhotography,https://www.youtube.com/watch?v=pGQ7Km9gMpg
https://www.youtube.com/@BrunoSaraviaPhotography,https://www.youtube.com/watch?v=oB2f81kBJrc
https://www.youtube.com/@BrunoSaraviaPhotography,https://www.youtube.com/watch?v=9EF25lnmM_8
https://www.youtube.com/@BrunoSaraviaPhotography,https://www.youtube.com/watch?v=J_3x7xUXsbI
https://www.youtube.com/@BrunoSaraviaPhotography,https://www.youtube.com/watch?v=g9yt1T2xVec
https://www.youtube.com/@BrunoSaraviaPhotography,https://www.youtube.com/watch?v=lOimnuhmSIo
https://www.youtube.com/@BrunoSaraviaPhotography,https://www.youtube.com/watch?v=rugKPiuZTtM
https://www.youtube.com/@BrunoSaraviaPhotography,https://www.youtube.com/watch?v=mmCRSekLd2k
https://www.youtube.com/@BrunoSaraviaPhotography,https://www.youtube.com/watch?v=VQe5wG3q6ts
https://www.youtube.com/@BrunoSaraviaPhotography,https://www.youtube.com/watch?v=bRceN5JqjdA
https://www.youtube.com/@BrunoSaraviaPhotography,https://www.youtube.com/watch?v=qY-AM722QTk
https://www.youtube.com/@BrunoSaraviaPhotography,https://www.youtube.com/watch?v=afumBR6LCqc
https://www.youtube.com/@BrunoSaraviaPhotography,https://www.youtube.com/watch?v=1zdwCIFlOk8
https://www.youtube.com/@BrunoSaraviaPhotography,https://www.youtube.com/watch?v=BQ76IaIpWfY
https://www.youtube.com/@BrunoSaraviaPhotography,https://www.youtube.com/watch?v=S8BEjJmjezw
https://www.youtube.com/@BrunoSaraviaPhotography,https://www.youtube.com/watch?v=moNhCEHxs_4
https://www.youtube.com/@BrunoSaraviaPhotography,https://www.youtube.com/watch?v=8o28sQuCwtk
https://www.youtube.com/@BrunoSaraviaPhotography,https://www.youtube.com/watch?v=pt_M3cLBURc
https://www.youtube.com/@BrunoSaraviaPhotography,https://www.youtube.com/watch?v=iSNGKUBqhfI
https://www.youtube.com/@BrunoSaraviaPhotography,https://www.youtube.com/watch?v=Hf5enZVznC4
https://www.youtube.com/@BrunoSaraviaPhotography,https://www.youtube.com/watch?v=B0YlktE79CM
https://www.youtube.com/@BrunoSaraviaPhotography,https://www.youtube.com/watch?v=YQChILo2BPA
https://www.youtube.com/@BrunoSaraviaPhotography,https://www.youtube.com/watch?v=uMAbWsMnKYk
https://www.youtube.com/@BrunoSaraviaPhotography,https://www.youtube.com/watch?v=6Ejg3rPiWg8
https://www.youtube.com/@BrunoSaraviaPhotography,https://www.youtube.com/watch?v=07qZ1GoMbQg
https://www.youtube.com/@BrunoSaraviaPhotography,https://www.youtube.com/watch?v=a5cNTH5o9F4
https://www.youtube.com/@BrunoSaraviaPhotography,https://www.youtube.com/watch?v=2ccJg9eMuGg
https://www.youtube.com/@BrunoSaraviaPhotography,https://www.youtube.com/watch?v=vrY8guJU-aU
https://www.youtube.com/@BrunoSaraviaPhotography,https://www.youtube.com/watch?v=HD1EqRzIGXQ
https://www.youtube.com/@BrunoSaraviaPhotography,https://www.youtube.com/watch?v=LyKkyL1hPPs
https://www.youtube.com/@BrunoSaraviaPhotography,https://www.youtube.com/watch?v=2uXLPnJBojk
https://www.youtube.com/@BrunoSaraviaPhotography,https://www.youtube.com/watch?v=etfX6YVb2ms
https://www.youtube.com/@BrunoSaraviaPhotography,https://www.youtube.com/watch?v=zW0efpVHhjQ
https://www.youtube.com/@BrunoSaraviaPhotography,https://www.youtube.com/watch?v=uYGUhDb8wYE
https://www.youtube.com/@BrunoSaraviaPhotography,https://www.youtube.com/watch?v=NDJdF1UYkiQ
https://www.youtube.com/@BrunoSaraviaPhotography,https://www.youtube.com/watch?v=xCw2LZHbMYE
https://www.youtube.com/@BrunoSaraviaPhotography,https://www.youtube.com/watch?v=aI26f5Iz-38
https://www.youtube.com/@BrunoSaraviaPhotography,https://www.youtube.com/watch?v=wZAv8OJA7tA
https://www.youtube.com/@BrunoSaraviaPhotography,https://www.youtube.com/watch?v=EKLkDggkhC8
https://www.youtube.com/@BrunoSaraviaPhotography,https://www.youtube.com/watch?v=2hryTAps5QE
https://www.youtube.com/@BrunoSaraviaPhotography,https://www.youtube.com/watch?v=G9IvJlRbr4k
https://www.youtube.com/@BrunoSaraviaPhotography,https://www.youtube.com/watch?v=FpSg8sDHuQw
https://www.youtube.com/@BrunoSaraviaPhotography,https://www.youtube.com/watch?v=0jMGinP72pc
https://www.youtube.com/@BrunoSaraviaPhotography,https://www.youtube.com/watch?v=PQmJ-edOV3A
https://www.youtube.com/@BrunoSaraviaPhotography,https://www.youtube.com/watch?v=9I6lQi4TgAk
https://www.youtube.com/@BrunoSaraviaPhotography,https://www.youtube.com/watch?v=0Fs-4GiNxQ8
https://www.youtube.com/@BrunoSaraviaPhotography,https://www.youtube.com/watch?v=Ky5JWS9WuYM
https://www.youtube.com/@BrunoSaraviaPhotography,https://www.youtube.com/watch?v=vLsbV4KRduc
https://www.youtube.com/@BrunoSaraviaPhotography,https://www.youtube.com/watch?v=5wb3JyLy1TY
https://www.youtube.com/@BrunoSaraviaPhotography,https://www.youtube.com/watch?v=cBrYW0snEEo
https://www.youtube.com/@BrunoSaraviaPhotography,https://www.youtube.com/watch?v=C6HGZVts6Ek
https://www.youtube.com/@BrunoSaraviaPhotography,https://www.youtube.com/watch?v=Kw3qnJ1t8YI
https://www.youtube.com/@BrunoSaraviaPhotography,https://www.youtube.com/watch?v=F8mKkFkP6Bg
https://www.youtube.com/@BrunoSaraviaPhotography,https://www.youtube.com/watch?v=S2-AJluX5mc
https://www.youtube.com/@BrunoSaraviaPhotography,https://www.youtube.com/watch?v=dMdEeWobcAo
https://www.youtube.com/@BrunoSaraviaPhotography,https://www.youtube.com/watch?v=qp47koNBaGc
https://www.youtube.com/@BrunoSaraviaPhotography,https://www.youtube.com/watch?v=iCR0JNczqJ4
https://www.youtube.com/@BrunoSaraviaPhotography,https://www.youtube.com/watch?v=BnLdOxyGnBk
https://www.youtube.com/@BrunoSaraviaPhotography,https://www.youtube.com/watch?v=cDlj6TfE5Fk
https://www.youtube.com/@BrunoSaraviaPhotography,https://www.youtube.com/watch?v=Vy8k-NSskJc
https://www.youtube.com/@BrunoSaraviaPhotography,https://www.youtube.com/watch?v=xx4gh8TBMZQ
https://www.youtube.com/@BrunoSaraviaPhotography,https://www.youtube.com/watch?v=Ac07Qt84WDw
https://www.youtube.com/@BrunoSaraviaPhotography,https://www.youtube.com/watch?v=u3z656oKZoM
https://www.youtube.com/@BrunoSaraviaPhotography,https://www.youtube.com/watch?v=FG5NUJ0kvq8
https://www.youtube.com/@BrunoSaraviaPhotography,https://www.youtube.com/watch?v=z-r2sdqfywg
https://www.youtube.com/@BrunoSaraviaPhotography,https://www.youtube.com/watch?v=QU-L6_RnaPA
https://www.youtube.com/@BrunoSaraviaPhotography,https://www.youtube.com/watch?v=31MZgway-Eg
https://www.youtube.com/@BrunoSaraviaPhotography,https://www.youtube.com/watch?v=X4gJSuUcT5s
https://www.youtube.com/@BrunoSaraviaPhotography,https://www.youtube.com/watch?v=dpwsDMkab_o
https://www.youtube.com/@BrunoSaraviaPhotography,https://www.youtube.com/watch?v=885CfwSCW-w
https://www.youtube.com/@BrunoSaraviaPhotography,https://www.youtube.com/watch?v=-eMcuqmH_CA
https://www.youtube.com/@BrunoSaraviaPhotography,https://www.youtube.com/watch?v=0ZBqnOeIxbQ
https://www.youtube.com/@BrunoSaraviaPhotography,https://www.youtube.com/watch?v=F-ij9oLLAMQ
https://www.youtube.com/@BrunoSaraviaPhotography,https://www.youtube.com/watch?v=chTc4R3BQ_Y
https://www.youtube.com/@BrunoSaraviaPhotography,https://www.youtube.com/watch?v=ukdtHa4fVCU
https://www.youtube.com/@BrunoSaraviaPhotography,https://www.youtube.com/watch?v=XkKDJRwy3dE
https://www.youtube.com/@BrunoSaraviaPhotography,https://www.youtube.com/watch?v=PdzOkN9_F9A
https://www.youtube.com/@BrunoSaraviaPhotography,https://www.youtube.com/watch?v=htMONLRixqc
https://www.youtube.com/@BrunoSaraviaPhotography,https://www.youtube.com/watch?v=Wt58h0hGwWY
https://www.youtube.com/@BrunoSaraviaPhotography,https://www.youtube.com/watch?v=RgCENw09Dpk
https://www.youtube.com/@BrunoSaraviaPhotography,https://www.youtube.com/watch?v=Lc3CxLEjAxI
https://www.youtube.com/@BrunoSaraviaPhotography,https://www.youtube.com/watch?v=3WHhIe8k44M
https://www.youtube.com/@BrunoSaraviaPhotography,https://www.youtube.com/watch?v=jkFWYElueSw
https://www.youtube.com/@BrunoSaraviaPhotography,https://www.youtube.com/watch?v=YFhwEJosUsU
https://www.youtube.com/@BrunoSaraviaPhotography,https://www.youtube.com/watch?v=CkTICfxNoFw
https://www.youtube.com/@BrunoSaraviaPhotography,https://www.youtube.com/watch?v=5uyXgQxDJRE
https://www.youtube.com/@BrunoSaraviaPhotography,https://www.youtube.com/watch?v=na_izM5zdY8
https://www.youtube.com/@BrunoSaraviaPhotography,https://www.youtube.com/watch?v=iHhuAAfvglM
https://www.youtube.com/@BrunoSaraviaPhotography,https://www.youtube.com/watch?v=gNcNj6dTvKs
https://www.youtube.com/@BrunoSaraviaPhotography,https://www.youtube.com/watch?v=VZeg1A5cQk0
https://www.youtube.com/@BrunoSaraviaPhotography,https://www.youtube.com/watch?v=YeddxPfl-mk
https://www.youtube.com/@BrunoSaraviaPhotography,https://www.youtube.com/watch?v=sUCpiD535ls
https://www.youtube.com/@BrunoSaraviaPhotography,https://www.youtube.com/watch?v=uWuqap5n28c
https://www.youtube.com/@BrunoSaraviaPhotography,https://www.youtube.com/watch?v=6Vl3KZUQs8w
https://www.youtube.com/@BrunoSaraviaPhotography,https://www.youtube.com/watch?v=thDodJNdx2c
https://www.youtube.com/@BrunoSaraviaPhotography,https://www.youtube.com/watch?v=kZPB6pCyA10
https://www.youtube.com/@BrunoSaraviaPhotography,https://www.youtube.com/watch?v=aFm-9R5lQsA
https://www.youtube.com/@BrunoSaraviaPhotography,https://www.youtube.com/watch?v=JJMWsxM-ogg
https://www.youtube.com/@BrunoSaraviaPhotography,https://www.youtube.com/watch?v=Az_U_DRXkZU
https://www.youtube.com/@BrunoSaraviaPhotography,https://www.youtube.com/watch?v=43fhSl3J5rA
https://www.youtube.com/@BrunoSaraviaPhotography,https://www.youtube.com/watch?v=MFF1vVXLRM8
https://www.youtube.com/@BrunoSaraviaPhotography,https://www.youtube.com/watch?v=YJSux8XhEjk
https://www.youtube.com/@BrunoSaraviaPhotography,https://www.youtube.com/watch?v=8vNeesfVP6M
https://www.youtube.com/@BrunoSaraviaPhotography,https://www.youtube.com/watch?v=cCVRqVNnsyA
https://www.youtube.com/@BrunoSaraviaPhotography,https://www.youtube.com/watch?v=kl_zrtjhP5k
https://www.youtube.com/@BrunoSaraviaPhotography,https://www.youtube.com/watch?v=XfA17_98KOY
https://www.youtube.com/@BrunoSaraviaPhotography,https://www.youtube.com/watch?v=TUG9icLLh-w
https://www.youtube.com/@BrunoSaraviaPhotography,https://www.youtube.com/watch?v=UQbCl5Hzjp0
https://www.youtube.com/@BrunoSaraviaPhotography,https://www.youtube.com/watch?v=mLtW61fc8s8
https://www.youtube.com/@BrunoSaraviaPhotography,https://www.youtube.com/watch?v=eU-qPYse1JI
https://www.youtube.com/@BrunoSaraviaPhotography,https://www.youtube.com/watch?v=eSg4D0pP0tE
https://www.youtube.com/@BrunoSaraviaPhotography,https://www.youtube.com/watch?v=9JlLeYk4U_c
https://www.youtube.com/@BrunoSaraviaPhotography,https://www.youtube.com/watch?v=x2seF9IZelo
https://www.youtube.com/@BrunoSaraviaPhotography,https://www.youtube.com/watch?v=ptA51WO9t_k
https://www.youtube.com/@BrunoSaraviaPhotography,https://www.youtube.com/watch?v=TYBG36kEQ1U
https://www.youtube.com/@BrunoSaraviaPhotography,https://www.youtube.com/watch?v=b3LjioFMBnc
https://www.youtube.com/@BrunoSaraviaPhotography,https://www.youtube.com/watch?v=lhk6uRDE-9o
https://www.youtube.com/@BrunoSaraviaPhotography,https://www.youtube.com/watch?v=WjuX7ovkK08
https://www.youtube.com/@BrunoSaraviaPhotography,https://www.youtube.com/watch?v=DjZjA61klag
https://www.youtube.com/@BrunoSaraviaPhotography,https://www.youtube.com/watch?v=C9S05-7Vozo
https://www.youtube.com/@BrunoSaraviaPhotography,https://www.youtube.com/watch?v=3rWYiySe_Vc
https://www.youtube.com/@BrunoSaraviaPhotography,https://www.youtube.com/watch?v=hXAjjH5M8hY
https://www.youtube.com/@BrunoSaraviaPhotography,https://www.youtube.com/watch?v=2e0FSmn5jok
https://www.youtube.com/@BrunoSaraviaPhotography,https://www.youtube.com/watch?v=Y27B5YQpOX0
https://www.youtube.com/@BrunoSaraviaPhotography,https://www.youtube.com/watch?v=KOmAZDaJDuY
https://www.youtube.com/@BrunoSaraviaPhotography,https://www.youtube.com/watch?v=Pko9CVmfNdY
https://www.youtube.com/@BrunoSaraviaPhotography,https://www.youtube.com/watch?v=OQRuM49z2sM
https://www.youtube.com/@BrunoSaraviaPhotography,https://www.youtube.com/watch?v=JruWsyyP9pw
https://www.youtube.com/@BrunoSaraviaPhotography,https://www.youtube.com/watch?v=crbZZdOW3Zk
https://www.youtube.com/@BrunoSaraviaPhotography,https://www.youtube.com/watch?v=MDM002yPJBM
https://www.youtube.com/@BrunoSaraviaPhotography,https://www.youtube.com/watch?v=2OGuLjR-8fg
https://www.youtube.com/@BrunoSaraviaPhotography,https://www.youtube.com/watch?v=d6My3YwimA0
https://www.youtube.com/@BrunoSaraviaPhotography,https://www.youtube.com/watch?v=OhLbTFNR1Jc
https://www.youtube.com/@BrunoSaraviaPhotography,https://www.youtube.com/watch?v=MQWNuNRPU6c
https://www.youtube.com/@BrunoSaraviaPhotography,https://www.youtube.com/watch?v=M81il-iAWU0
https://www.youtube.com/@BrunoSaraviaPhotography,https://www.youtube.com/watch?v=vD5HQ_Uu1R8
https://www.youtube.com/@BrunoSaraviaPhotography,https://www.youtube.com/watch?v=EkFVPZZsvA4
https://www.youtube.com/@BrunoSaraviaPhotography,https://www.youtube.com/watch?v=de-wdNPM0_M
https://www.youtube.com/@BrunoSaraviaPhotography,https://www.youtube.com/watch?v=j5GR_JVYm9k
https://www.youtube.com/@BrunoSaraviaPhotography,https://www.youtube.com/watch?v=A2eNVDGesYY
https://www.youtube.com/@BrunoSaraviaPhotography,https://www.youtube.com/watch?v=0SP0HQxVhGw
https://www.youtube.com/@BrunoSaraviaPhotography,https://www.youtube.com/watch?v=TZoTJSDGU2c
https://www.youtube.com/@BrunoSaraviaPhotography,https://www.youtube.com/watch?v=aARkQt9XJII
https://www.youtube.com/@BrunoSaraviaPhotography,https://www.youtube.com/watch?v=V7fjcO9LWNI
https://www.youtube.com/@BrunoSaraviaPhotography,https://www.youtube.com/watch?v=Rv5oymOuZCc
https://www.youtube.com/@BrunoSaraviaPhotography,https://www.youtube.com/watch?v=40PWL8_gJxk
https://www.youtube.com/@BrunoSaraviaPhotography,https://www.youtube.com/watch?v=icJCSnzkpbQ
https://www.youtube.com/@BrunoSaraviaPhotography,https://www.youtube.com/watch?v=ZHiHJaZLGVk
https://www.youtube.com/@BrunoSaraviaPhotography,https://www.youtube.com/watch?v=GJNdF5JG900
https://www.youtube.com/@BrunoSaraviaPhotography,https://www.youtube.com/watch?v=IWp650nCk-w
https://www.youtube.com/@BrunoSaraviaPhotography,https://www.youtube.com/watch?v=oTZS_IdUlTo
https://www.youtube.com/@BrunoSaraviaPhotography,https://www.youtube.com/watch?v=QXTZ3k9DoN8
https://www.youtube.com/@BrunoSaraviaPhotography,https://www.youtube.com/watch?v=j-PxnbdFXZw
https://www.youtube.com/@BrunoSaraviaPhotography,https://www.youtube.com/watch?v=W2Gx-YRggOM
https://www.youtube.com/@BrunoSaraviaPhotography,https://www.youtube.com/watch?v=-ceq1U_-Y08
https://www.youtube.com/@BrunoSaraviaPhotography,https://www.youtube.com/watch?v=k8W9puHwiUg
https://www.youtube.com/@BrunoSaraviaPhotography,https://www.youtube.com/watch?v=-QXrbXYE4jE
https://www.youtube.com/@BrunoSaraviaPhotography,https://www.youtube.com/watch?v=vQoR7gJTirk
https://www.youtube.com/@BrunoSaraviaPhotography,https://www.youtube.com/watch?v=NQN6XHheMDs
https://www.youtube.com/@BrunoSaraviaPhotography,https://www.youtube.com/watch?v=aellLMtz3UI
https://www.youtube.com/@BrunoSaraviaPhotography,https://www.youtube.com/watch?v=K6RO38U_ycg
https://www.youtube.com/@BrunoSaraviaPhotography,https://www.youtube.com/watch?v=buuNPNnXaRY
https://www.youtube.com/@BrunoSaraviaPhotography,https://www.youtube.com/watch?v=i82PO2jIdNs
https://www.youtube.com/@BrunoSaraviaPhotography,https://www.youtube.com/watch?v=afuLluD_e7I
https://www.youtube.com/@BrunoSaraviaPhotography,https://www.youtube.com/watch?v=tgIGn5hrJ28
https://www.youtube.com/@BrunoSaraviaPhotography,https://www.youtube.com/watch?v=zFLwcy-Mr2s
https://www.youtube.com/@BrunoSaraviaPhotography,https://www.youtube.com/watch?v=1lnxzA5ylJY
https://www.youtube.com/@BrunoSaraviaPhotography,https://www.youtube.com/watch?v=ivJeCQR7IC8
https://www.youtube.com/@BrunoSaraviaPhotography,https://www.youtube.com/watch?v=nbeO-dJPPaY
https://www.youtube.com/@BrunoSaraviaPhotography,https://www.youtube.com/watch?v=H1Xs2GWzWiY
https://www.youtube.com/@BrunoSaraviaPhotography,https://www.youtube.com/watch?v=QSNa8U1yGrM
https://www.youtube.com/@BrunoSaraviaPhotography,https://www.youtube.com/watch?v=_QFolYNEDpM
https://www.youtube.com/@BrunoSaraviaPhotography,https://www.youtube.com/watch?v=n-hR9mUXTq0
https://www.youtube.com/@BrunoSaraviaPhotography,https://www.youtube.com/watch?v=vjFYjm41Sxg
https://www.youtube.com/@BrunoSaraviaPhotography,https://www.youtube.com/watch?v=oD2ZKUSYG-g
https://www.youtube.com/@BrunoSaraviaPhotography,https://www.youtube.com/watch?v=G691qZtjI48
https://www.youtube.com/@BrunoSaraviaPhotography,https://www.youtube.com/watch?v=LFZ-ntPA5co
https://www.youtube.com/@BrunoSaraviaPhotography,https://www.youtube.com/watch?v=ucSZM9Fn0Rg
https://www.youtube.com/@BrunoSaraviaPhotography,https://www.youtube.com/watch?v=kuAyLv-WQ9k
https://www.youtube.com/@BrunoSaraviaPhotography,https://www.youtube.com/watch?v=OZXkdYnsmFs
https://www.youtube.com/@BrunoSaraviaPhotography,https://www.youtube.com/watch?v=6CGrAzzoukI
https://www.youtube.com/@BrunoSaraviaPhotography,https://www.youtube.com/watch?v=Oi0iZSTWRYM
https://www.youtube.com/@BrunoSaraviaPhotography,https://www.youtube.com/watch?v=jeOl4zzuLxQ
https://www.youtube.com/@BrunoSaraviaPhotography,https://www.youtube.com/watch?v=92EmKSz5D9Q
https://www.youtube.com/@BrunoSaraviaPhotography,https://www.youtube.com/watch?v=m4IFm-8X3jw
https://www.youtube.com/@BrunoSaraviaPhotography,https://www.youtube.com/watch?v=g-LHZL0pnLw
https://www.youtube.com/@BrunoSaraviaPhotography,https://www.youtube.com/watch?v=bLHrhKTX520
https://www.youtube.com/@BrunoSaraviaPhotography,https://www.youtube.com/watch?v=4dumY251mT0
https://www.youtube.com/@BrunoSaraviaPhotography,https://www.youtube.com/watch?v=3WwInfWBk3k
https://www.youtube.com/@BrunoSaraviaPhotography,https://www.youtube.com/watch?v=P_A-CMd_f4I
https://www.youtube.com/@BrunoSaraviaPhotography,https://www.youtube.com/watch?v=pAZXIcwK8cM
https://www.youtube.com/@BrunoSaraviaPhotography,https://www.youtube.com/watch?v=sl5CVlUHfFU
https://www.youtube.com/@BrunoSaraviaPhotography,https://www.youtube.com/watch?v=8_MEA4p51mE
https://www.youtube.com/@BrunoSaraviaPhotography,https://www.youtube.com/watch?v=kzMgZU_u87s
https://www.youtube.com/@BrunoSaraviaPhotography,https://www.youtube.com/watch?v=sX1XwDFdpdc
https://www.youtube.com/@BrunoSaraviaPhotography,https://www.youtube.com/watch?v=4TXuGMBBPa4
https://www.youtube.com/@BrunoSaraviaPhotography,https://www.youtube.com/watch?v=nPe-ZGmtY28
https://www.youtube.com/@BrunoSaraviaPhotography,https://www.youtube.com/watch?v=_mYuCp9IFcs
https://www.youtube.com/@BrunoSaraviaPhotography,https://www.youtube.com/watch?v=SPXIpUDmTXU
https://www.youtube.com/@BrunoSaraviaPhotography,https://www.youtube.com/watch?v=jhooLmTq4MM
https://www.youtube.com/@BrunoSaraviaPhotography,https://www.youtube.com/watch?v=ArfX5Zv4Qno
https://www.youtube.com/@BrunoSaraviaPhotography,https://www.youtube.com/watch?v=yG1fNiskKHk
https://www.youtube.com/@BrunoSaraviaPhotography,https://www.youtube.com/watch?v=CCIkxlCiNe8
https://www.youtube.com/@BrunoSaraviaPhotography,https://www.youtube.com/watch?v=nkLQ_VTi91U
https://www.youtube.com/@BrunoSaraviaPhotography,https://www.youtube.com/watch?v=QcOED9rj7Qw
https://www.youtube.com/@BrunoSaraviaPhotography,https://www.youtube.com/watch?v=F_XIcVkpZRA
https://www.youtube.com/@BrunoSaraviaPhotography,https://www.youtube.com/watch?v=HbG1X6UMUgQ
https://www.youtube.com/@BrunoSaraviaPhotography,https://www.youtube.com/watch?v=cOAmPgFkJLg
https://www.youtube.com/@BrunoSaraviaPhotography,https://www.youtube.com/watch?v=gcNx2jBxLGs
https://www.youtube.com/@BrunoSaraviaPhotography,https://www.youtube.com/watch?v=2p8jfx2qP3I
https://www.youtube.com/@BrunoSaraviaPhotography,https://www.youtube.com/watch?v=5tOZpFzN8Qc
https://www.youtube.com/@BrunoSaraviaPhotography,https://www.youtube.com/watch?v=a7eF8WZerko
https://www.youtube.com/@BrunoSaraviaPhotography,https://www.youtube.com/watch?v=xhUyQdOacEc
https://www.youtube.com/@BrunoSaraviaPhotography,https://www.youtube.com/watch?v=OQhT6by2gj0
https://www.youtube.com/@BrunoSaraviaPhotography,https://www.youtube.com/watch?v=Hgx4WToSAnQ
https://www.youtube.com/@BrunoSaraviaPhotography,https://www.youtube.com/watch?v=KxmQQI6q4UI
https://www.youtube.com/@BrunoSaraviaPhotography,https://www.youtube.com/watch?v=Zv11L-ZfrSg
https://www.youtube.com/@BrunoSaraviaPhotography,https://www.youtube.com/watch?v=dEJA7eAdEaE
https://www.youtube.com/@BrunoSaraviaPhotography,https://www.youtube.com/watch?v=dWC8I_rf-dU
https://www.youtube.com/@BrunoSaraviaPhotography,https://www.youtube.com/watch?v=vo-qnnYdqTE
https://www.youtube.com/@BrunoSaraviaPhotography,https://www.youtube.com/watch?v=v3ZIpNLDPsI
https://www.youtube.com/@BrunoSaraviaPhotography,https://www.youtube.com/watch?v=LibdssnPe7o
https://www.youtube.com/@BrunoSaraviaPhotography,https://www.youtube.com/watch?v=NqwIKJWY2zU
https://www.youtube.com/@BrunoSaraviaPhotography,https://www.youtube.com/watch?v=boIerkcxPWs
https://www.youtube.com/@BrunoSaraviaPhotography,https://www.youtube.com/watch?v=WzFctdPulvo
https://www.youtube.com/@BrunoSaraviaPhotography,https://www.youtube.com/watch?v=6l6YVE_l2E4
https://www.youtube.com/@BrunoSaraviaPhotography,https://www.youtube.com/watch?v=5RpMTIRZDs8
https://www.youtube.com/@BrunoSaraviaPhotography,https://www.youtube.com/watch?v=PClBo3FjzIg
https://www.youtube.com/@BrunoSaraviaPhotography,https://www.youtube.com/watch?v=7y-1_9LDjeU
https://www.youtube.com/@BrunoSaraviaPhotography,https://www.youtube.com/watch?v=8AwIJZj07s8
https://www.youtube.com/@BrunoSaraviaPhotography,https://www.youtube.com/watch?v=tBy0RFWNi0A
https://www.youtube.com/@BrunoSaraviaPhotography,https://www.youtube.com/watch?v=CyBB9agMAKA
https://www.youtube.com/@BrunoSaraviaPhotography,https://www.youtube.com/watch?v=AfN3DEwXKPw
https://www.youtube.com/@BrunoSaraviaPhotography,https://www.youtube.com/watch?v=v_-17urCsmM
https://www.youtube.com/@BrunoSaraviaPhotography,https://www.youtube.com/watch?v=1C3G9OU5mbA
https://www.youtube.com/@BrunoSaraviaPhotography,https://www.youtube.com/watch?v=thXvCl4_UyY
https://www.youtube.com/@BrunoSaraviaPhotography,https://www.youtube.com/watch?v=07fQR6P9VmA
https://www.youtube.com/@BrunoSaraviaPhotography,https://www.youtube.com/watch?v=oJRSl0PBmuw
https://www.youtube.com/@BrunoSaraviaPhotography,https://www.youtube.com/watch?v=i810CxN5Q6Q
https://www.youtube.com/@BrunoSaraviaPhotography,https://www.youtube.com/watch?v=v6pkfuly5BU
https://www.youtube.com/@BrunoSaraviaPhotography,https://www.youtube.com/watch?v=P4l1xywKJLQ
https://www.youtube.com/@BrunoSaraviaPhotography,https://www.youtube.com/watch?v=oshUkddvEi8
https://www.youtube.com/@BrunoSaraviaPhotography,https://www.youtube.com/watch?v=_5wKOV22CjY
https://www.youtube.com/@BrunoSaraviaPhotography,https://www.youtube.com/watch?v=LrzWrvOjJm8
https://www.youtube.com/@BrunoSaraviaPhotography,https://www.youtube.com/watch?v=x0YCLwgETIA
https://www.youtube.com/@BrunoSaraviaPhotography,https://www.youtube.com/watch?v=7of5dIIwvZ8
https://www.youtube.com/@BrunoSaraviaPhotography,https://www.youtube.com/watch?v=jD1qsBd9ql8
https://www.youtube.com/@BrunoSaraviaPhotography,https://www.youtube.com/watch?v=KiAMpYjHIVw
https://www.youtube.com/@BrunoSaraviaPhotography,https://www.youtube.com/watch?v=PhdLBVydXvU
https://www.youtube.com/@BrunoSaraviaPhotography,https://www.youtube.com/watch?v=ewGk_ucTNMk
https://www.youtube.com/@BrunoSaraviaPhotography,https://www.youtube.com/watch?v=3SgeGP8ykvQ
https://www.youtube.com/@BrunoSaraviaPhotography,https://www.youtube.com/watch?v=nTVv43Bn-As
https://www.youtube.com/@BrunoSaraviaPhotography,https://www.youtube.com/watch?v=rYeZMH5b2qk
https://www.youtube.com/@BrunoSaraviaPhotography,https://www.youtube.com/watch?v=0jK8PKbjjxE
https://www.youtube.com/@BrunoSaraviaPhotography,https://www.youtube.com/watch?v=ainMMfIatbA
https://www.youtube.com/@BrunoSaraviaPhotography,https://www.youtube.com/watch?v=wGhcrz1A9yA
https://www.youtube.com/@BrunoSaraviaPhotography,https://www.youtube.com/watch?v=kEsb_RIWnak
https://www.youtube.com/@BrunoSaraviaPhotography,https://www.youtube.com/watch?v=-HtEncS2T_w
https://www.youtube.com/@BrunoSaraviaPhotography,https://www.youtube.com/watch?v=UvR7qKXMG8s
https://www.youtube.com/@BrunoSaraviaPhotography,https://www.youtube.com/watch?v=mMIveQqblUA
https://www.youtube.com/@BrunoSaraviaPhotography,https://www.youtube.com/watch?v=N4uylG_qrcU
https://www.youtube.com/@BrunoSaraviaPhotography,https://www.youtube.com/watch?v=09fh3tLajR4
https://www.youtube.com/@BrunoSaraviaPhotography,https://www.youtube.com/watch?v=X-VYyEXaUAE
https://www.youtube.com/@BrunoSaraviaPhotography,https://www.youtube.com/watch?v=fQ7oPl5G3sM
https://www.youtube.com/@BrunoSaraviaPhotography,https://www.youtube.com/watch?v=O9swhXzH-Jo
https://www.youtube.com/@BrunoSaraviaPhotography,https://www.youtube.com/watch?v=c54xw2miUEA
https://www.youtube.com/@BrunoSaraviaPhotography,https://www.youtube.com/watch?v=prUZxHd9r3E
https://www.youtube.com/@BrunoSaraviaPhotography,https://www.youtube.com/watch?v=0tXpIytuHI0
https://www.youtube.com/@BrunoSaraviaPhotography,https://www.youtube.com/watch?v=CeD4y5K-CJw
https://www.youtube.com/@BrunoSaraviaPhotography,https://www.youtube.com/watch?v=3VdaE6Sbnm0
https://www.youtube.com/@BrunoSaraviaPhotography,https://www.youtube.com/watch?v=9yY6upo5b1A
https://www.youtube.com/@BrunoSaraviaPhotography,https://www.youtube.com/watch?v=NV4g4ZWj6nA
https://www.youtube.com/@BrunoSaraviaPhotography,https://www.youtube.com/watch?v=5xDuneBER14
https://www.youtube.com/@BrunoSaraviaPhotography,https://www.youtube.com/watch?v=CTcoCHKnkT8
https://www.youtube.com/@BrunoSaraviaPhotography,https://www.youtube.com/watch?v=XXyHXkeVwdY
https://www.youtube.com/@BrunoSaraviaPhotography,https://www.youtube.com/watch?v=f1C-d14xbJI
https://www.youtube.com/@BrunoSaraviaPhotography,https://www.youtube.com/watch?v=usRO4MFqyEk
https://www.youtube.com/@BrunoSaraviaPhotography,https://www.youtube.com/watch?v=YNxvDQpBO8c
https://www.youtube.com/@BrunoSaraviaPhotography,https://www.youtube.com/watch?v=gkF1IM3EC7A
https://www.youtube.com/@BrunoSaraviaPhotography,https://www.youtube.com/watch?v=vZC8ktLl_KI
https://www.youtube.com/@BrunoSaraviaPhotography,https://www.youtube.com/watch?v=1P0XDjteZ1Q
https://www.youtube.com/@BrunoSaraviaPhotography,https://www.youtube.com/watch?v=ZKL87WUPAks
https://www.youtube.com/@BrunoSaraviaPhotography,https://www.youtube.com/watch?v=AA0UZVXJd2o
https://www.youtube.com/@BrunoSaraviaPhotography,https://www.youtube.com/watch?v=mqC2St0DcbE
https://www.youtube.com/@BrunoSaraviaPhotography,https://www.youtube.com/watch?v=dKg02dz_M18
https://www.youtube.com/@BrunoSaraviaPhotography,https://www.youtube.com/watch?v=NoC1Ia9dUrU
https://www.youtube.com/@BrunoSaraviaPhotography,https://www.youtube.com/watch?v=YZ13qxi2UVg
https://www.youtube.com/@BrunoSaraviaPhotography,https://www.youtube.com/watch?v=QcpMHK8NBHM
https://www.youtube.com/@BrunoSaraviaPhotography,https://www.youtube.com/watch?v=L_e1-dVvn_Y
https://www.youtube.com/@BrunoSaraviaPhotography,https://www.youtube.com/watch?v=RXXSoAwHsE0
https://www.youtube.com/@BrunoSaraviaPhotography,https://www.youtube.com/watch?v=914Yf8ucAVk
https://www.youtube.com/@BrunoSaraviaPhotography,https://www.youtube.com/watch?v=GwD13vwCCfE
https://www.youtube.com/@BrunoSaraviaPhotography,https://www.youtube.com/watch?v=wKyI2Mxna6w
https://www.youtube.com/@BrunoSaraviaPhotography,https://www.youtube.com/watch?v=aA-x9J9NBag
https://www.youtube.com/@BrunoSaraviaPhotography,https://www.youtube.com/watch?v=3SzQ3WZe6yY
https://www.youtube.com/@BrunoSaraviaPhotography,https://www.youtube.com/watch?v=8k6MGoriPJs
https://www.youtube.com/@BrunoSaraviaPhotography,https://www.youtube.com/watch?v=1-aqtlWYKcM
https://www.youtube.com/@BrunoSaraviaPhotography,https://www.youtube.com/watch?v=xqjUWM8-u0c
https://www.youtube.com/@BrunoSaraviaPhotography,https://www.youtube.com/watch?v=Tu4obKDwP2w
https://www.youtube.com/@BrunoSaraviaPhotography,https://www.youtube.com/watch?v=S6tbI14yKrU
https://www.youtube.com/@BrunoSaraviaPhotography,https://www.youtube.com/watch?v=0Oa03PoScJA
https://www.youtube.com/@BrunoSaraviaPhotography,https://www.youtube.com/watch?v=2ecyvFFfmrU
https://www.youtube.com/@BrunoSaraviaPhotography,https://www.youtube.com/watch?v=kuwdpTzK3yA
https://www.youtube.com/@BrunoSaraviaPhotography,https://www.youtube.com/watch?v=Q4WqRIVlpPM
https://www.youtube.com/@BrunoSaraviaPhotography,https://www.youtube.com/watch?v=glMQJ5ohZS8
https://www.youtube.com/@BrunoSaraviaPhotography,https://www.youtube.com/watch?v=3DUvADCqc20
https://www.youtube.com/@BrunoSaraviaPhotography,https://www.youtube.com/watch?v=a9EuTmK1ctA
https://www.youtube.com/@BrunoSaraviaPhotography,https://www.youtube.com/watch?v=u23CFaxPy_g
https://www.youtube.com/@BrunoSaraviaPhotography,https://www.youtube.com/watch?v=PjYmVfmpUGY
https://www.youtube.com/@BrunoSaraviaPhotography,https://www.youtube.com/watch?v=Zv1COpDljCU
https://www.youtube.com/@BrunoSaraviaPhotography,https://www.youtube.com/watch?v=2zU3QJwXYI8
https://www.youtube.com/@BrunoSaraviaPhotography,https://www.youtube.com/watch?v=L08m2NrhyzQ
https://www.youtube.com/@BrunoSaraviaPhotography,https://www.youtube.com/watch?v=OqRNyk-PhjE
https://www.youtube.com/@BrunoSaraviaPhotography,https://www.youtube.com/watch?v=TUzDJyGQ5Y4
https://www.youtube.com/@BrunoSaraviaPhotography,https://www.youtube.com/watch?v=59J6CHfQW9A
https://www.youtube.com/@BrunoSaraviaPhotography,https://www.youtube.com/watch?v=C3-9ETyG6Ug
https://www.youtube.com/@BrunoSaraviaPhotography,https://www.youtube.com/watch?v=P_RGCu1RIhM
https://www.youtube.com/@BrunoSaraviaPhotography,https://www.youtube.com/watch?v=FEp1RZhvl2Y
https://www.youtube.com/@BrunoSaraviaPhotography,https://www.youtube.com/watch?v=Tv9xMNiBIso
https://www.youtube.com/@BrunoSaraviaPhotography,https://www.youtube.com/watch?v=REqM8-_8av8
https://www.youtube.com/@BrunoSaraviaPhotography,https://www.youtube.com/watch?v=j9aIITaf7kA
https://www.youtube.com/@BrunoSaraviaPhotography,https://www.youtube.com/watch?v=JeB5coiEsxc
https://www.youtube.com/@BrunoSaraviaPhotography,https://www.youtube.com/watch?v=BF2fcqcQ8fg
https://www.youtube.com/@BrunoSaraviaPhotography,https://www.youtube.com/watch?v=xCKkNuw2Pzs
https://www.youtube.com/@BrunoSaraviaPhotography,https://www.youtube.com/watch?v=6OJ_vpLte_Q
https://www.youtube.com/@BrunoSaraviaPhotography,https://www.youtube.com/watch?v=woQ_qXMcZLY
https://www.youtube.com/@BrunoSaraviaPhotography,https://www.youtube.com/watch?v=He048XL1T6s
https://www.youtube.com/@BrunoSaraviaPhotography,https://www.youtube.com/watch?v=H0NIlfPyxG8
https://www.youtube.com/@BrunoSaraviaPhotography,https://www.youtube.com/watch?v=mShJdjGzhEU
https://www.youtube.com/@BrunoSaraviaPhotography,https://www.youtube.com/watch?v=Tqj7VBn9G9g
https://www.youtube.com/@BrunoSaraviaPhotography,https://www.youtube.com/watch?v=uEWHuC1G07E
https://www.youtube.com/@BrunoSaraviaPhotography,https://www.youtube.com/watch?v=xMZzI4Z1fTw
https://www.youtube.com/@BrunoSaraviaPhotography,https://www.youtube.com/watch?v=C0C8RZoJ9lc
https://www.youtube.com/@BrunoSaraviaPhotography,https://www.youtube.com/watch?v=hoecLkyfbWA
https://www.youtube.com/@BrunoSaraviaPhotography,https://www.youtube.com/watch?v=Ts6jfToNLtg
https://www.youtube.com/@BrunoSaraviaPhotography,https://www.youtube.com/watch?v=B5QFPwyXNbg
https://www.youtube.com/@BrunoSaraviaPhotography,https://www.youtube.com/watch?v=4hpeUg-wc78
https://www.youtube.com/@BrunoSaraviaPhotography,https://www.youtube.com/watch?v=nFbNM6_7M5U
https://www.youtube.com/@BrunoSaraviaPhotography,https://www.youtube.com/watch?v=ZRH6um8bfkE
https://www.youtube.com/@BrunoSaraviaPhotography,https://www.youtube.com/watch?v=BFKwr2QlfNU
https://www.youtube.com/@BrunoSaraviaPhotography,https://www.youtube.com/watch?v=J9h98UXGgjk
https://www.youtube.com/@BrunoSaraviaPhotography,https://www.youtube.com/watch?v=WcU9NKy8_ik
https://www.youtube.com/@BrunoSaraviaPhotography,https://www.youtube.com/watch?v=LQjAtrlyub8
https://www.youtube.com/@BrunoSaraviaPhotography,https://www.youtube.com/watch?v=EweV8W6ZZ8k
https://www.youtube.com/@BrunoSaraviaPhotography,https://www.youtube.com/watch?v=ti-gR-zJToA
https://www.youtube.com/@BrunoSaraviaPhotography,https://www.youtube.com/watch?v=qmo3n9-rrXA
https://www.youtube.com/@BrunoSaraviaPhotography,https://www.youtube.com/watch?v=hM3V8az2ClQ
https://www.youtube.com/@BrunoSaraviaPhotography,https://www.youtube.com/watch?v=d_2R2a1BmcM
https://www.youtube.com/@BrunoSaraviaPhotography,https://www.youtube.com/watch?v=-15SxL80H6Y
https://www.youtube.com/@BrunoSaraviaPhotography,https://www.youtube.com/watch?v=SXA9co4LOoM
https://www.youtube.com/@BrunoSaraviaPhotography,https://www.youtube.com/watch?v=bm41cOVZM2s
https://www.youtube.com/@BrunoSaraviaPhotography,https://www.youtube.com/watch?v=MCzliPx3yzc
https://www.youtube.com/@BrunoSaraviaPhotography,https://www.youtube.com/watch?v=Fkl4YcZiWI0
https://www.youtube.com/@BrunoSaraviaPhotography,https://www.youtube.com/watch?v=-hx7fKpAPF0
https://www.youtube.com/@BrunoSaraviaPhotography,https://www.youtube.com/watch?v=T3tcCA8KyVU
https://www.youtube.com/@BrunoSaraviaPhotography,https://www.youtube.com/watch?v=vjY2MQGq_Mc
https://www.youtube.com/@BrunoSaraviaPhotography,https://www.youtube.com/watch?v=UUIltpKgfU0
https://www.youtube.com/@BrunoSaraviaPhotography,https://www.youtube.com/watch?v=oIni6kwgKEM
https://www.youtube.com/@BrunoSaraviaPhotography,https://www.youtube.com/watch?v=OIBtWaS00Gk
https://www.youtube.com/@BrunoSaraviaPhotography,https://www.youtube.com/watch?v=CQL76BiSpIU
https://www.youtube.com/@BrunoSaraviaPhotography,https://www.youtube.com/watch?v=4GZAF8F_T9w
https://www.youtube.com/@BrunoSaraviaPhotography,https://www.youtube.com/watch?v=8i1I7-0shm4
https://www.youtube.com/@BrunoSaraviaPhotography,https://www.youtube.com/watch?v=PWiHBNurQaw
https://www.youtube.com/@BrunoSaraviaPhotography,https://www.youtube.com/watch?v=MwdZXvSAxZg
https://www.youtube.com/@BrunoSaraviaPhotography,https://www.youtube.com/watch?v=JSA2LtHncpY
https://www.youtube.com/@BrunoSaraviaPhotography,https://www.youtube.com/watch?v=209x6LTx_V8
https://www.youtube.com/@BrunoSaraviaPhotography,https://www.youtube.com/watch?v=P_kO6qeBOS4
https://www.youtube.com/@BrunoSaraviaPhotography,https://www.youtube.com/watch?v=StPwbyWOpbQ
https://www.youtube.com/@BrunoSaraviaPhotography,https://www.youtube.com/watch?v=3545AJcYMnA
https://www.youtube.com/@BrunoSaraviaPhotography,https://www.youtube.com/watch?v=hAK6SnfPZ8I
https://www.youtube.com/@BrunoSaraviaPhotography,https://www.youtube.com/watch?v=BhVQQoo1Phk
https://www.youtube.com/@BrunoSaraviaPhotography,https://www.youtube.com/watch?v=pcDjNkW26fI
https://www.youtube.com/@BrunoSaraviaPhotography,https://www.youtube.com/watch?v=VrAG_Hg3bes
https://www.youtube.com/@BrunoSaraviaPhotography,https://www.youtube.com/watch?v=htoUOYo0q8A
https://www.youtube.com/@BrunoSaraviaPhotography,https://www.youtube.com/watch?v=XewnLzdDMUE
https://www.youtube.com/@BrunoSaraviaPhotography,https://www.youtube.com/watch?v=_SnGxw13QxU
https://www.youtube.com/@BrunoSaraviaPhotography,https://www.youtube.com/watch?v=rbzxxbuk3sk
https://www.youtube.com/@BrunoSaraviaPhotography,https://www.youtube.com/watch?v=k3CfOslFmug
https://www.youtube.com/@BrunoSaraviaPhotography,https://www.youtube.com/watch?v=sa7Dxiqs_tw
https://www.youtube.com/@BrunoSaraviaPhotography,https://www.youtube.com/watch?v=qIyqquEvR04
https://www.youtube.com/@BrunoSaraviaPhotography,https://www.youtube.com/watch?v=6spe3IHLDK8
https://www.youtube.com/@BrunoSaraviaPhotography,https://www.youtube.com/watch?v=LPTitGB-nZs
https://www.youtube.com/@BrunoSaraviaPhotography,https://www.youtube.com/watch?v=SL17uFzjM-k
https://www.youtube.com/@BrunoSaraviaPhotography,https://www.youtube.com/watch?v=Ym6CYovBohI
https://www.youtube.com/@BrunoSaraviaPhotography,https://www.youtube.com/watch?v=rjTURkVFCXY
https://www.youtube.com/@BrunoSaraviaPhotography,https://www.youtube.com/watch?v=OvX4_3Gs2y0
https://www.youtube.com/@BrunoSaraviaPhotography,https://www.youtube.com/watch?v=lRJc_EfXlKE
https://www.youtube.com/@BrunoSaraviaPhotography,https://www.youtube.com/watch?v=Xa0-EWE74Jk
https://www.youtube.com/@BrunoSaraviaPhotography,https://www.youtube.com/watch?v=mkpEqKBIL3A
https://www.youtube.com/@BrunoSaraviaPhotography,https://www.youtube.com/watch?v=z_KXY9EaTFE
https://www.youtube.com/@BrunoSaraviaPhotography,https://www.youtube.com/watch?v=57eOiaaxvYY
https://www.youtube.com/@BrunoSaraviaPhotography,https://www.youtube.com/watch?v=JCBFqVwP9GI
https://www.youtube.com/@BrunoSaraviaPhotography,https://www.youtube.com/watch?v=xr-4_yfkybI
https://www.youtube.com/@BrunoSaraviaPhotography,https://www.youtube.com/watch?v=k_uzhnd3S-8
https://www.youtube.com/@BrunoSaraviaPhotography,https://www.youtube.com/watch?v=ozr-2INXusA
https://www.youtube.com/@BrunoSaraviaPhotography,https://www.youtube.com/watch?v=eCpjeKdQf18
https://www.youtube.com/@BrunoSaraviaPhotography,https://www.youtube.com/watch?v=BIm_XlhrrMM
https://www.youtube.com/@BrunoSaraviaPhotography,https://www.youtube.com/watch?v=Dk2LEdEuVvA
https://www.youtube.com/@BrunoSaraviaPhotography,https://www.youtube.com/watch?v=8Vmw7bE2T3c
https://www.youtube.com/@BrunoSaraviaPhotography,https://www.youtube.com/watch?v=8NF8AEyHPq8
https://www.youtube.com/@BrunoSaraviaPhotography,https://www.youtube.com/watch?v=NYeHrkijhmE
https://www.youtube.com/@BrunoSaraviaPhotography,https://www.youtube.com/watch?v=S96nh2viMLQ
https://www.youtube.com/@BrunoSaraviaPhotography,https://www.youtube.com/watch?v=wdi6D9JyXrc
https://www.youtube.com/@BrunoSaraviaPhotography,https://www.youtube.com/watch?v=-T-340O_MBA
https://www.youtube.com/@BrunoSaraviaPhotography,https://www.youtube.com/watch?v=S7_D4NzED68
https://www.youtube.com/@BrunoSaraviaPhotography,https://www.youtube.com/watch?v=mqCpUXEmbfI
https://www.youtube.com/@BrunoSaraviaPhotography,https://www.youtube.com/watch?v=fMfx3iQJhss
https://www.youtube.com/@BrunoSaraviaPhotography,https://www.youtube.com/watch?v=xTQlT6QmIMM
https://www.youtube.com/@BrunoSaraviaPhotography,https://www.youtube.com/watch?v=NIdo0AEMtRw
https://www.youtube.com/@BrunoSaraviaPhotography,https://www.youtube.com/watch?v=d56tPnHqAWY
https://www.youtube.com/@BrunoSaraviaPhotography,https://www.youtube.com/watch?v=4pNOe3DwpyM
https://www.youtube.com/@BrunoSaraviaPhotography,https://www.youtube.com/watch?v=iIf3oF8emH8
https://www.youtube.com/@BrunoSaraviaPhotography,https://www.youtube.com/watch?v=pEHlHIxeSNI
https://www.youtube.com/@BrunoSaraviaPhotography,https://www.youtube.com/watch?v=urP4y3_wYMc
https://www.youtube.com/@BrunoSaraviaPhotography,https://www.youtube.com/watch?v=994tqbR_WHk
https://www.youtube.com/@BrunoSaraviaPhotography,https://www.youtube.com/watch?v=A1V6KE7wVb8
https://www.youtube.com/@BrunoSaraviaPhotography,https://www.youtube.com/watch?v=vJvQgDBXoWo
https://www.youtube.com/@BrunoSaraviaPhotography,https://www.youtube.com/watch?v=EfFg5K-_Fu4
https://www.youtube.com/@BrunoSaraviaPhotography,https://www.youtube.com/watch?v=OGRNCd9hgwk
https://www.youtube.com/@BrunoSaraviaPhotography,https://www.youtube.com/watch?v=vsACDrydKew
https://www.youtube.com/@BrunoSaraviaPhotography,https://www.youtube.com/watch?v=wRSe85-FbNo
https://www.youtube.com/@BrunoSaraviaPhotography,https://www.youtube.com/watch?v=A5UwQbtkmJA
https://www.youtube.com/@BrunoSaraviaPhotography,https://www.youtube.com/watch?v=l2pRo0GljLo
https://www.youtube.com/@BrunoSaraviaPhotography,https://www.youtube.com/watch?v=8tuOKqNYM8U
https://www.youtube.com/@BrunoSaraviaPhotography,https://www.youtube.com/watch?v=JfFfe3zNJm4
https://www.youtube.com/@BrunoSaraviaPhotography,https://www.youtube.com/watch?v=1lBTcglTbZw
https://www.youtube.com/@BrunoSaraviaPhotography,https://www.youtube.com/watch?v=-0ZxVLZysVY
https://www.youtube.com/@BrunoSaraviaPhotography,https://www.youtube.com/watch?v=W6noPXhXv48
https://www.youtube.com/@BrunoSaraviaPhotography,https://www.youtube.com/watch?v=CXUIAMBPk5E
https://www.youtube.com/@BrunoSaraviaPhotography,https://www.youtube.com/watch?v=9kZkabsuB8U
